course,block,bloom_level,citation_mode,question_type,model_id,language,question_number,question,answer,rubric_answer,rubric,time_taken_s,status
BEGC 101_ Indian Classical Literature,BLOCK CILAPPATIKARAN,Level 2,on,Short Answer,ollama-gemma4-31b,en,1,"Based on the passage: ""After the destruction of the city of Maturai, the goddess of Maturai tells Kannaki that Kovalan’s beheading by a drunken soldier is due to his karma in his previous birth. Kovalan had beheaded an innocent merchant Cankaman in his previous birth. Kovalan’s death in this birth is due to the curse of Cankaman’s widow."" — Explain the significance of the concept of Karma in relation to the fate of Kovalan in Cilappatikaran.","In Cilappatikaran, Kovalan's execution is presented as an inevitable result of his past actions. The goddess of Maturai reveals that his beheading is a consequence of his karma from a previous birth, where he had beheaded an innocent merchant named Cankaman. Consequently, his death in the present life is the fulfillment of the curse cast by Cankaman's widow, illustrating the cycle of cause and effect.",,"[Marks]
Accurate explanation of the link between Kovalan's death and his previous birth - 2 marks
Mention of the specific victim (Cankaman) and the widow's curse - 2 marks
Clarity and coherence of the interpretation of Karma - 1 marks

[Key Points]
1. Kovalan's death is due to karma from a previous birth
2. He beheaded an innocent merchant named Cankaman
3. The death is a result of the curse of Cankaman's widow",51.9,success
BEGC 101_ Indian Classical Literature,BLOCK CILAPPATIKARAN,Level 2,on,Short Answer,ollama-gemma4-31b,en,1,"Based on the passage: ""Therefore, it can be said that Kannaki who subverts patriarchy in Maturai is brought back into its fold through King Cenkuttuvan. Her deification is at the cost of her human identity. She is no longer referred to by her human name, ‘Kannaki’; she is now a Pattini – the goddess of chastity."" — Explain the significance of the transformation of Kannaki into the goddess Pattini as described in the Book of Vanci.","The transformation of Kannaki into the goddess Pattini represents her apotheosis, where she is institutionalized through a temple built by King Cenkuttuvan. While this elevates her to a divine status as the goddess of chastity, it simultaneously erases her human identity and silences the subversive power she displayed in Maturai. Consequently, her deification brings her back into the patriarchal fold, replacing her individual agency with a symbol of wifely duty.",,"[Marks]
Ability to explain the concept of apotheosis and the transition from human to divine identity - 2 marks
Analysis of how deification relates to the restoration of patriarchal norms and the silencing of her power - 2 marks
Clarity of expression and adherence to the specified word limit - 1 marks

[Key Points]
1. Mention of the shift from the human name 'Kannaki' to the divine 'Pattini'
2. Recognition that deification comes at the cost of human identity
3. Understanding that she is brought back into the patriarchal fold
4. Identification of her new role as the epitome of wifely duties and chastity",45.4,success
BEGC 101_ Indian Classical Literature,BLOCK CILAPPATIKARAN,Level 1,on,Short Answer,ollama-gemma4-31b,en,1,"Based on the passage: ""Canto 26, “Removing the Stone” uses the Tumpai thinai. This thinai is used for the description of the battle."" — What is the Tumpai thinai, and how is it utilized in Canto 26, 'Removing the Stone'?","The Tumpai thinai is a literary convention used specifically for the description of battle. In Canto 26, 'Removing the Stone,' it is employed to depict the violent and blood-curdling conflict between the Chera king and the Aryan kings of the North. This thinai is characterized by gory imagery, often portraying the king as a famished lion or the god of death during the slaughter.",,"[Marks]
Accurate definition of Tumpai thinai as a tool for battle description - 2 marks
Correct identification of the context in Canto 26 (battle with Aryan kings) - 2 marks
Mention of the characteristic nature of the descriptions (gore/blood-curdling) - 1 marks

[Key Points]
1. Tumpai thinai is used for describing battles
2. Applied in Canto 26 to the king's battle with the Northern Aryan kings
3. Includes gore and imagery of the king as a lion or god of death",58.9,success
BEGC 101_ Indian Classical Literature,BLOCK CILAPPATIKARAN,Level 1,on,Short Answer,ollama-gemma4-31b,en,1,"Based on the passage: ""The king in order to fulfil his promise of building a temple for Kannaki begins an expedition to the north to procure the stone for the idol."" — Who is the king responsible for the deification of Kannaki, and what specific actions did he take to institutionalise her as a goddess?","King Cenkuttuvan is responsible for the deification of Kannaki. To institutionalise her as the goddess Pattini, he embarked on an expedition to the north to procure the stone required for her idol. During this journey, he waged a battle with Aryan kings. He ultimately completed her apotheosis by building her a temple and offering grants to it.",,"[Marks]
Correct identification of King Cenkuttuvan - 1 marks
Mention of the expedition to the north to procure stone for the idol - 2 marks
Mention of the construction of the temple and her apotheosis - 2 marks

[Key Points]
1. Identification of King Cenkuttuvan
2. Expedition to the north for stone
3. Building the temple
4. Institutionalisation/apotheosis as Pattini",41.9,success
BEGC 101_ Indian Classical Literature,BLOCK KALIDASA ABHIJNANA SHAKUNTALA,Level 2,on,Short Answer,ollama-gemma4-31b,en,1,"Based on the passage: ""He coaxes her to enter into a Gandharva marriage with him, a marriage “done in secret” with rituals “between a loving man and a loving woman”. Shakuntala agrees on one condition—she asks the King to promise that the son that may be “born from me shall be Young King to succeed you, great King, declare this to me as the truth! If it is to be thus, Duhsanta, you may lie with me”."" — Explain the nature of the marriage between King Duhsanta and Shakuntala and the specific condition she imposed for her consent.","The marriage between King Duhsanta and Shakuntala was a Gandharva marriage, which is characterized as a secret union based on mutual love between a man and a woman. Shakuntala consented to this marriage on the condition that any son born from their union would be recognized as the rightful heir to succeed Duhsanta as the king. This condition underscores her foresight regarding her child's future legitimacy and royal status.",,"[Marks]
Accurate explanation of the Gandharva marriage as a secret, love-based union - 2 marks
Correct identification of the condition regarding the son's succession to the throne - 2 marks
Clarity of expression and adherence to the requested answer length - 1 marks

[Key Points]
1. Gandharva marriage is defined as a secret union between a loving man and woman.
2. Shakuntala's condition is that her son must be the successor to the throne.
3. The answer interprets the meaning of the agreement between the two characters.",56.5,success
BEGC 101_ Indian Classical Literature,BLOCK KALIDASA ABHIJNANA SHAKUNTALA,Level 2,on,Short Answer,ollama-gemma4-31b,en,1,"Based on the passage: ""Even though Kalidasa was a court poet, he was extremely sensitive to the emotions, feelings of those who lived in humble dwellings, in distant corners of the land, away from the court and where the king resided."" — Discuss how Kalidasa balances his role as a court poet with his portrayal of the common people in his literary works.","Kalidasa functioned as a court poet who enjoyed patronage and focused on lofty subjects and the splendour of royal palaces. However, he balanced this by remaining deeply sensitive to the emotions of simple men and women living in humble dwellings far from the court. He further demonstrated this understanding by critiquing the rigid duty and decorum that often repressed individual passions.",,"[Marks]
Explanation of his role as a court poet and the nature of his lofty subjects - 2 marks
Discussion of his empathy and sensitivity toward common people in humble dwellings - 2 marks
Mention of his critique regarding duty and decorum versus individual passion - 1 marks

[Key Points]
1. Recognition of court patronage and royal themes
2. Sensitivity to the emotions of the marginalized/simple people
3. Critique of social constraints (duty and decorum)",39.1,success
BEGC 101_ Indian Classical Literature,BLOCK KALIDASA ABHIJNANA SHAKUNTALA,Level 1,on,Short Answer,ollama-gemma4-31b,en,1,"Based on the passage: ""the women welcome a disguised Duhsanta into their midst, where he learns that Shakuntala is the adopted daughter of the sage Kanva. She is in fact the daughter of the Apsara/celestial nymph, Menaka and the seer Visvamitra."" — Identify the biological parents of Shakuntala and name the sage who adopted her.","Shakuntala is the biological daughter of the celestial nymph Menaka and the seer Visvamitra. Although she has these parents, she was adopted and raised by the sage Kanva. This family background is revealed to Duhsanta during his visit to the hermitage. Her biological lineage is significant as it establishes her Kshatriya origin, making her a suitable bride for the King.",,"[Marks]
Correct identification of biological parents (Menaka and Visvamitra) - 2 marks
Correct identification of adoptive father (Sage Kanva) - 2 marks
Clarity and factual accuracy of the response - 1 marks

[Key Points]
1. Biological father: Visvamitra (the seer)
2. Biological mother: Menaka (the Apsara/celestial nymph)
3. Adoptive father: Sage Kanva",61.6,success
BEGC 101_ Indian Classical Literature,BLOCK KALIDASA ABHIJNANA SHAKUNTALA,Level 1,on,Short Answer,ollama-gemma4-31b,en,1,"Based on the passage: ""Sanskrit drama does not just include dialogues but also includes subtle gestures and postures, singing, dancing, and miming to bring about a holistic performance and enjoyment of the narrative."" — What elements, other than dialogue, are essential for a holistic performance and enjoyment of a Sanskrit drama according to the text?","In Sanskrit drama, a holistic performance and enjoyment of the narrative require more than just dialogues. The text specifies that subtle gestures and postures are essential components. Additionally, the inclusion of singing, dancing, and miming is necessary. Together, these elements ensure the play is experienced as a complete and integrated artistic performance.",,"[Marks]
Correctly identifying subtle gestures and postures - 2 marks
Correctly identifying singing, dancing, and miming - 2 marks
Mentioning the objective of achieving a holistic performance or enjoyment - 1 marks

[Key Points]
1. Subtle gestures and postures
2. Singing, dancing, and miming
3. Holistic performance/enjoyment of the narrative",46.5,success
BEGC 101_ Indian Classical Literature,BLOCK SUDRAKA MRICHCHHAKATIKA,Level 2,on,Short Answer,ollama-gemma4-31b,en,1,"Based on the passage: ""Sakara: Kill this Vasantasena? Cheta: Please, master, don’t ask me that! This noble lady was brought here by my unworthy self owing to an interchange of carts. Sakara: You, slave, have I no mastery over you? Cheta: Your Honour is the master of my body, but not of my morals."" — Discuss the significance of the reactions of Vita and Cheta to Sakara's command to kill Vasantasena in Act VIII of Mrichchhakatika.","The reactions of Vita and Cheta signify a transition from their mechanical identities as servants to individuals with distinct moral agency. While Vita appeals to the witness of the divine and nature to refuse the murder, Cheta explicitly asserts that his master's authority extends only to his physical body and not his morals. Their resistance highlights a humanist ethic and the primacy of Dharma over the illegal commands of a powerful authority.",,"[Marks]
Ability to explain the shift from mechanical identity to individual moral agency - 2 marks
Accurate interpretation of the distinction between physical servitude and moral autonomy - 2 marks
Reference to humanist ethics or the concept of Dharma - 1 marks

[Key Points]
1. Servants move beyond simple/mechanical identities to exhibit individuality.
2. Vita's refusal is based on divine witnesses and morality.
3. Cheta differentiates between the mastery of the body and the mastery of morals.
4. The scene reflects humanist ethics and positive notions of Dharma.",45.6,success
BEGC 101_ Indian Classical Literature,BLOCK SUDRAKA MRICHCHHAKATIKA,Level 2,on,Short Answer,ollama-gemma4-31b,en,1,"Based on the passage: ""As indicated earlier, it is presented as a mirror in which the passion of the lovers for each other is reflected."" — Discuss the significance of the storm in Act V of the Mrichchhkatika as a reflection of human emotion.","The storm in Act V serves as a symbolic mirror that reflects the intense passion and emotional state of the lovers. While the playwright uses grand descriptions of nature to create a dramatic atmosphere, this representation is fundamentally a human act of imagination. Thus, the storm highlights the intersection between natural phenomena and human experience, showing how nature's impact is primarily registered within the human mind.",,"[Marks]
Ability to explain the storm as a symbolic mirror of the lovers' passion - 2 marks
Understanding that the depiction of nature is a product of human imagination - 2 marks
Clarity and coherence of the explanation - 1 marks

[Key Points]
1. The storm mirrors the passion of the lovers.
2. The natural phenomenon is shaped by human imagination.
3. Nature's impact is registered in the human mind.",47.2,success
BEGC 101_ Indian Classical Literature,BLOCK SUDRAKA MRICHCHHAKATIKA,Level 1,on,Short Answer,ollama-gemma4-31b,en,1,"Based on the passage: ""Increased commercial activity and the consequent growth of a money economy led to the proliferation of arts and crafts. … The increase in trade demanded an efficient organization of production and distribution. Individual artisans congregated together and formed guilds; merchants also organized themselves into corporations. No less than two dozen guilds of artisans existed in this period. The guild system seems to have become the general pattern of production, facilitating high output. … The guilds sometimes acted as trustees and bankers. … The guilds evidently utilized the capital deposited with them to augment production and paid interest on it of the proceeds from the sale of their commodities. The possibility of the increasing output may have prompted the guilds to hire additional labour, both free labour and slaves. This naturally gave a measure of freedom to artisans and craftsmen."" — According to the account by D N Jha, how did commercial activity and the growth of a money economy influence the arts and crafts of the period?","D N Jha states that increased commercial activity and the growth of a money economy led to the proliferation of arts and crafts. To manage the resulting increase in trade, artisans formed guilds and merchants organized into corporations. This guild system became the general pattern of production, facilitating high output and granting a degree of freedom to the artisans and craftsmen.",,"[Marks]
Correctly identifies the link between commercial activity/money economy and the proliferation of arts and crafts - 2 marks
Mentions the formation of guilds and corporations as a means of organizing production and distribution - 2 marks
Notes the outcome of high output or the resulting freedom for artisans - 1 marks

[Key Points]
1. Proliferation of arts and crafts due to money economy
2. Formation of guilds by artisans and corporations by merchants
3. The guild system as the general pattern of production
4. Facilitation of high output and freedom for craftsmen",76.2,success
BEGC 101_ Indian Classical Literature,BLOCK SUDRAKA MRICHCHHAKATIKA,Level 1,on,Short Answer,ollama-gemma4-31b,en,1,"Based on the passage: ""It is finally stated that Sakara has killed Vasantasena and put instead the blame on Charudatta."" — Who is responsible for the death of Vasantasena in Sudraka's Mrichchhakatika, and who is wrongly accused of the crime?","In Sudraka's Mrichchhakatika, it is revealed that Sakara is the person who killed Vasantasena. Instead of accepting guilt, he puts the blame for the murder on Charudatta. This truth is eventually brought to light when Sakara's servant, Sthavaraka, undergoes a change of heart and decides to disclose the actual events.",,"[Marks]
Correctly identifying Sakara as the killer - 2 marks
Correctly identifying Charudatta as the person blamed - 2 marks
Mentioning the role of Sthavaraka in the revelation - 1 marks

[Key Points]
1. Sakara is the actual killer of Vasantasena
2. Charudatta is the one falsely accused
3. Sthavaraka is the servant who reveals the truth",33.6,success
BEGC 101_ Indian Classical Literature,BLOCK VYAS MAHABHARATA,Level 2,on,Short Answer,ollama-gemma4-31b,en,1,"Based on the passage: ""When there was time to act you did not show me your present compassion. And now you have laid orders on me, the son to whom you denied the sacraments. You have never acted in my interest like a mother, and now, here you are, enlightening me solely in your own interest."" — Explain why Karna views Kunti's sudden display of compassion as an act of self-interest rather than genuine maternal love.","Karna views Kunti's compassion as opportunistic because she only approaches him when it serves her own purposes. He points out that she failed to show this love when he was vulnerable and specifically denied him the sacraments. Therefore, he interprets her current pleas not as the longing of a mother for her first-born, but as a calculated move to secure her own interests.",,"[Marks]
Correctly explaining the timing of Kunti's compassion as opportunistic - 2 marks
Referencing the denial of sacraments as evidence of neglect - 2 marks
Concluding the distinction between genuine love and self-interest - 1 marks

[Key Points]
1. Karna's rejection of Kunti's motives
2. Lack of support during early life
3. Denial of sacraments
4. Self-interest of Kunti",52.7,success
BEGC 101_ Indian Classical Literature,BLOCK VYAS MAHABHARATA,Level 2,on,Short Answer,ollama-gemma4-31b,en,1,"Based on the passage: ""I know, Hrsikesa, that where there is Law there is triumph. Dhanamjaya carrying Gandiva had mounted a white elephant, together with you, Hrsikesa, blazing with sublime luster. All of you shall—about that I have no doubts—slaughter all the kings led by Duryodhana in battle, Krsna."" — Explain the significance of the imagery in Karna's dream and what it reveals about his perspective on the outcome of the battle.","Karna's dream uses symbolic imagery to signal the inevitable victory of the Pandavas. The white robes signify peace and justice, while the figures of Yudhisthira and Bhima suggest future rule and invincibility. This reveals that Karna has already accepted defeat before entering the battlefield, believing that the support of Krsna and the presence of Law (Dharma) make the destruction of Duryodhana's forces inevitable.",,"[Marks]
Identification and explanation of the symbolic imagery (e.g., white robes, figures of Pandavas) - 2 marks
Interpretation of the dream as a portent of the inevitable defeat of Duryodhana - 2 marks
Recognition of Krsna's support or Law (Dharma) as the decisive factor - 1 marks

[Key Points]
1. Imagery of white robes signifies justice/new order
2. Pandavas' positions suggest invincibility and rule
3. Karna's internal acceptance of defeat
4. The role of Krsna and Dharma in ensuring triumph",38.7,success
BEGC 101_ Indian Classical Literature,BLOCK VYAS MAHABHARATA,Level 1,on,Short Answer,ollama-gemma4-31b,en,1,"Based on the passage: ""Still, Dharamvir Bharati’s play Andha Yug evokes the post-war world of devastation in the Mahabharata to speak about the contemporary malaise caused by the partition of the country in 1947."" — Which play by Dharamvir Bharati evokes the post-war world of the Mahabharata to address the contemporary malaise caused by the 1947 partition of India?","Dharamvir Bharati authored the play titled Andha Yug. In this work, he evokes the post-war world of devastation found in the Mahabharata to reflect upon and speak about the contemporary malaise caused by the partition of India in 1947. This demonstrates how writers use myths and stories from the epic to express views on current events.",,"[Marks]
Correct identification of the play 'Andha Yug' - 2 marks
Correct identification of the author 'Dharamvir Bharati' - 1 marks
Correct linking of the work to the 1947 partition and post-war devastation - 2 marks

[Key Points]
1. Name of the play: Andha Yug
2. Author: Dharamvir Bharati
3. Context: 1947 partition and post-war devastation",54.2,success
BEGC 101_ Indian Classical Literature,BLOCK VYAS MAHABHARATA,Level 1,on,Short Answer,ollama-gemma4-31b,en,1,"Based on the passage: ""Thus Sanjaya, did the Steward give his law-minded and apt advice; but I did not heed it, for I wanted to favour my son"" — Based on the text, what reason does Dhrtarastra provide for ignoring the law-minded advice of the Steward?","Dhrtarastra explicitly admits that he ignored the law-minded and apt advice provided by the Steward because he wanted to favor his son. This confession underscores the central motif of the narrative, which is a father's blind love. It demonstrates how Dhrtarastra's excessive emotional attachment to his child took precedence over his royal duty to the law and reason.",,"[Marks]
Accurately stating that Dhrtarastra ignored advice specifically to favor his son - 3 marks
Connecting this action to the motif of blind love or the conflict between attachment and law - 2 marks

[Key Points]
1. Mention of the Steward's law-minded advice
2. Explicit mention of favoring the son as the primary motivation
3. Identification of the conflict between personal attachment and duty/law",74.3,success
BEGC 102_ European Classical Literature,BLOCK HOMER THE ILIAD,Level 2,on,Short Answer,ollama-gemma4-31b,en,1,"Based on the passage: ""The Iliad has generated two responses that are antithetical in nature an admiration for force that culminates in victory for one of the warring groups. In this context, force is seen as an index of power, strength, courage and merciless brutality (2 an abhorrence for war that devastates both the victor and the vanquished."" — Discuss the two antithetical responses to war that the Iliad generates, as described in the source material.","The Iliad evokes two opposing perspectives on war. The first is an admiration for force, viewing victory as a demonstration of power, courage, and strength. The second is an abhorrence for war, focusing on the devastation it brings to both the victor and the vanquished. These contrasting views highlight the tension between the glorification of martial honor and the reality of unmitigated suffering.",,"[Marks]
Identification of the two antithetical responses (admiration for force vs. abhorrence for war) - 3 marks
Explanation of the characteristics of these responses (e.g., force as power/courage vs. devastation for both sides) - 2 marks

[Key Points]
1. Admiration for force as an index of power, strength, and courage
2. Abhorrence for war due to the devastation of both victors and vanquished
3. The antithetical nature of these two perspectives",40.4,success
BEGC 102_ European Classical Literature,BLOCK HOMER THE ILIAD,Level 2,on,Short Answer,ollama-gemma4-31b,en,1,"Based on the passage: ""From the above, we conclude that an epic poem is a long poem including history a definition endorsed by the American poet and critic, Ezra Pound that depicts the heroic deeds of the protagonists. Yet another aspect of the epic is, it is a work of art surpassing the dimensions of realism"" — Explain the dual relationship that an epic poem maintains between history and everyday reality.","An epic poem operates through a dual relationship between historical documentation and artistic expression. It serves as a long poem that records history and the heroic deeds of its protagonists, mirroring the concept of 'ithihasa'. However, it is not limited to factual realism; it is also a work of art that surpasses everyday reality to reveal the grandeur, sublimity, and timeless essence of the human spirit.",,"[Marks]
Accurately explaining the epic's relationship to history and the depiction of heroic deeds - 2 marks
Explaining how the epic transcends realism to function as a work of art - 2 marks
Clarity of expression and synthesis of the duality - 1 marks

[Key Points]
1. Epic as a long poem incorporating history
2. Focus on heroic deeds of protagonists
3. Surpassing the dimensions of realism
4. The tension/balance between historical fact and artistic elevation",63.4,success
BEGC 102_ European Classical Literature,BLOCK HOMER THE ILIAD,Level 1,on,Short Answer,ollama-gemma4-31b,en,1,"Based on the passage: ""These two Indian epics are known as Ithihasa where the word ithihasa splits as iti-ha-asa and means thus verily happened. Therefore, ithihasa or the epic means history as it truly happened"" — Define an epic poem and explain the meaning of the term 'ithihasa' as used in the context of Indian epics.","An epic poem is a long poem that depicts the heroic deeds of protagonists and includes history, often acting as a work of art that surpasses the dimensions of realism. It celebrates the presence of the Divine in the human spirit and the grandeur of life. In the context of Indian epics, the term 'ithihasa' is derived from 'iti-ha-asa', which means 'thus verily happened', signifying history as it truly happened.",,"[Marks]
Accurate definition of an epic poem as a long poem depicting heroic deeds and history - 2 marks
Correct explanation of the term 'ithihasa' and its literal meaning - 2 marks
Clarity of expression and adherence to the factual content of the text - 1 marks

[Key Points]
1. Epic is a long poem depicting heroic deeds
2. Epic incorporates history and surpasses realism
3. Ithihasa means 'thus verily happened'
4. Ithihasa equates to history as it truly happened",44.1,success
BEGC 102_ European Classical Literature,BLOCK HOMER THE ILIAD,Level 1,on,Short Answer,ollama-gemma4-31b,en,1,"Based on the passage: ""The Iliad has generated two responses that are antithetical in nature an admiration for force that culminates in victory for one of the warring groups. In this context, force is seen as an index of power, strength, courage and merciless brutality (2 an abhorrence for war that devastates both the victor and the vanquished."" — Identify and describe the two antithetical responses that the Iliad has generated regarding the nature of war.","The Iliad has generated two opposing responses. The first is an admiration for force, where force is viewed as an index of power, strength, courage, and merciless brutality that culminates in victory. The second response is an abhorrence for war, focusing on how war devastates both the victor and the vanquished, bringing unmitigated suffering to a large number of people.",,"[Marks]
Accurate identification and description of the admiration for force as power and strength - 2.5 marks
Accurate identification and description of the abhorrence for war and its devastating effects on both sides - 2.5 marks

[Key Points]
1. Admiration for force as an index of power, strength, and courage
2. Abhorrence for war due to the devastation of both the victor and the vanquished",45.4,success
BEGC 102_ European Classical Literature,BLOCK HORACE AND OVID,Level 2,on,Short Answer,ollama-gemma4-31b,en,1,"Based on the passage: ""Metamorphosis is a biological process by which an animal physically develops after birth or hatching, involving a conspicuous and relatively abrupt change in the animal’s body structure through cell growth and differentiation."" — Explain the concept of metamorphosis as a biological process based on the provided text.","Metamorphosis is a biological process that occurs after an animal is born or hatched. It involves a noticeable and relatively sudden transformation of the animal's physical body structure. This change is achieved through the biological mechanisms of cell growth and differentiation. Essentially, it describes a conspicuous physical development phase in an organism's lifecycle.",,"[Marks]
Accurate definition of metamorphosis as a biological process - 2 marks
Mention of the timing of the process (after birth or hatching) - 1 marks
Explanation of the nature of the change (abrupt body structure change via cell growth/differentiation) - 2 marks

[Key Points]
1. Biological process
2. Post-birth or hatching development
3. Abrupt change in body structure
4. Role of cell growth and differentiation",32.9,success
BEGC 102_ European Classical Literature,BLOCK HORACE AND OVID,Level 2,on,Short Answer,ollama-gemma4-31b,en,1,"Based on the passage: ""Hellenistic influence did not extend just to architecture and writing alone, it extended to the cooking style and much of Roman cuisine was in fact, Greek cuisine."" — Explain the nature and extent of the Hellenistic influence on various aspects of ancient Roman society.","Ancient Roman society was profoundly shaped by the Hellenistic world across multiple domains. Greek slaves often served as tutors for young Romans, while writers adopted stylized Greek writing over the stilted Latin style. Furthermore, this influence permeated Roman architecture, specifically the use of the arch and dome, and extended into their culinary habits, where much of Roman cuisine was based on Greek traditions.",,"[Marks]
Explanation of Hellenistic influence on education and literature (tutors and writing style) - 2 marks
Explanation of Hellenistic influence on architecture (arch and dome) - 1.5 marks
Explanation of Hellenistic influence on cuisine - 1.5 marks

[Key Points]
1. Role of Greek slaves as tutors
2. Preference for stylized Greek writing over Latin
3. Inheritance of the arch and dome in architecture
4. Adoption of Greek cooking styles/cuisine",53.4,success
BEGC 102_ European Classical Literature,BLOCK HORACE AND OVID,Level 1,on,Short Answer,ollama-gemma4-31b,en,1,"Based on the passage: ""their rendezvous would be Ninus’ tomb, where they’d hide in the shade in of a certain tree – a tree which was tall and heavily laden with snow- white berries, a mulberry – close to a cooling fountain."" — Describe the specific location where Pyramus and Thisbe planned to meet and the natural features associated with that site.","Pyramus and Thisbe agreed to meet at the tomb of Ninus, which was located in the woods outside the city of Babylon. Their specific rendezvous point was in the shade of a tall mulberry tree characterized by its dense, snow-white berries. Additionally, this tree was situated close to a cooling fountain, serving as a secluded shelter for the two lovers.",,"[Marks]
Correct identification of the location as Ninus' tomb outside Babylon - 2 marks
Mention of the tall mulberry tree and its white berries - 2 marks
Mention of the cooling fountain - 1 marks

[Key Points]
1. The location is the tomb of Ninus.
2. The setting is in the woods outside Babylon.
3. The rendezvous point is a tall mulberry tree with white berries.
4. The tree is located near a cooling fountain.",37.3,success
BEGC 102_ European Classical Literature,BLOCK HORACE AND OVID,Level 1,on,Short Answer,ollama-gemma4-31b,en,1,"Based on the passage: ""The only ones not worshippers of Bacchus are the daughters of Minyas who stick to the traditional practices associated with the worship of the Goddess Minerva. They are engaged in spinning and weaving and in order to entertain themselves as they go about their chores they tell each other tales of love but always involving some kind of transformation."" — Explain who are the only individuals in Thebes who do not worship Bacchus and describe their activities.","The only individuals in Thebes who do not worship Bacchus are the daughters of Minyas. They remain committed to the traditional worship of the Goddess Minerva. While performing their daily chores of spinning and weaving, they entertain themselves by telling each other love stories. These specific narratives always incorporate an element of transformation.",,"[Marks]
Correct identification of the daughters of Minyas as the non-worshippers - 2 marks
Mention of their adherence to the worship of the Goddess Minerva - 1 marks
Description of their activities including spinning, weaving, and storytelling about love and transformation - 2 marks

[Key Points]
1. Daughters of Minyas
2. Worship of Goddess Minerva
3. Spinning and weaving
4. Telling love stories involving transformation",71.8,success
BEGC 102_ European Classical Literature,BLOCK PLAUTUS POT OF GOD,Level 2,on,Short Answer,ollama-gemma4-31b,en,1,"Based on the passage: ""Fabula Palliate were re-workings or adaptations of the original Greek plays. Characters and broad plot outlines remained the same but playwrights such as Plautus were able to introduce in them the context of Rome, its people, society and the issues concerning the Romans."" — Explain the concept of 'Fabula Palliata' and discuss how Plautus adapted these plays for his Roman audience.","Fabula Palliata refers to Roman comedies that were adaptations or re-workings of original Greek plays. While Plautus retained the broad plot outlines and characters of the Greek originals, he modified the context to reflect Roman life. By integrating the people, society, and specific issues of Rome into the narrative, he transformed Greek stories into works that resonated with the cultural and social realities of the Roman public.",,"[Marks]
Accurate definition of Fabula Palliata as adaptations of Greek plays - 2 marks
Identification that characters and plot outlines remained largely unchanged - 1 marks
Explanation of the integration of Roman society, people, and context - 2 marks

[Key Points]
1. Fabula Palliata are re-workings of Greek plays
2. Broad plots and characters are preserved
3. Roman context and societal issues are introduced by the playwright",38.9,success
BEGC 102_ European Classical Literature,BLOCK PLAUTUS POT OF GOD,Level 2,on,Short Answer,ollama-gemma4-31b,en,1,"Based on the passage: ""He establishes through staging that Euclio iS completely alienated from all other characters onstage, but he arranges his monologues and asides so that Euclio has one human RSITY connection, the audience."" — Explain the significance of Euclio's rapport with the audience in the context of his alienation from other characters in the play.","Euclio is completely isolated from all other characters in the play, making the audience his only genuine human connection. This relationship is constructed through asides and monologues where he shares his obsession with gold. However, this rapport is fragile; as his gold disappears, his connection with the spectators also fades, illustrating that his miserliness was the central axis of his remaining link to humanity.",,"[Marks]
Clear explanation of Euclio's total alienation from other characters onstage - 2 marks
Identification of the audience as the sole human connection and the role of monologues/asides - 2 marks
Understanding of how the loss of gold affects this rapport - 1 marks

[Key Points]
1. Euclio is alienated from all characters on stage
2. The audience serves as his only human connection
3. The rapport is built on his obsession with gold
4. The connection fades when the gold disappears",52.0,success
BEGC 102_ European Classical Literature,BLOCK PLAUTUS POT OF GOD,Level 1,on,Short Answer,ollama-gemma4-31b,en,1,"Based on the passage: ""Where it marks Euclio as a miser, its possession by Strobilus indicates its power to buy the slave his freedom."" — According to the text, what does the possession of the pot of gold represent for the slave Strobilus in contrast to how it characterizes Euclio?","For the slave Strobilus, possession of the pot of gold represents the power to purchase his freedom and end his continued oppression. In contrast, the gold characterizes Euclio as a miser who is obsessed with the object. While Euclio obsesses over the gold, Strobilus wishes to part with it quickly to secure his liberty.",,"[Marks]
Accurate identification of the gold's meaning for Strobilus (buying freedom/ending oppression) - 2.5 marks
Accurate identification of the gold's meaning for Euclio (marking him as a miser/obsession) - 2.5 marks

[Key Points]
1. Strobilus views the gold as a means to buy his freedom.
2. Euclio is characterized as a miser because of his obsession with the gold.
3. The contrast between wanting to keep the gold (Euclio) and wanting to part with it for liberty (Strobilus).",45.2,success
BEGC 102_ European Classical Literature,BLOCK PLAUTUS POT OF GOD,Level 1,on,Short Answer,ollama-gemma4-31b,en,1,"Based on the passage: ""At this juncture, please mark how the slaves, (considered the social inferiors ), play an important role in the world of Plautus. They know important secrets, influence the course of events, and have thoughts of their own. They disagree with their masters and Plautus gives complete space for them to voice to their ideas."" — What is the role and significance of slaves in the world of Plautus, according to the provided text?","In the world of Plautus, slaves are integral characters who play a significant role by knowing important secrets and influencing the course of events. They possess their own thoughts and are given the space to voice their ideas, even when disagreeing with their masters. Through humor and the subversion of power, their characters highlight social dynamics and initiate processes of change within the ancient Roman world.",,"[Marks]
Accurate identification of the slaves' importance and their role in knowing secrets and influencing events - 3 marks
Mention of their ability to voice ideas and disagree with their masters - 2 marks

[Key Points]
1. Slaves are integral to Plautus's world despite being social inferiors.
2. They possess knowledge of secrets and influence the plot.
3. They have independent thoughts and the freedom to express them/disagree with masters.",52.4,success
BEGC 102_ European Classical Literature,BLOCK SOPHOCLES OEDIPUS REX,Level 2,on,Short Answer,ollama-gemma4-31b,en,1,"Based on the passage: ""Oedipus : Then  wouid not have COme t० kill my father and marry my mother infamously Now L Am godless and child of impurity begetter in the same seed that created my wretched   self If there is any ill 0rSe than ill, that is the lot of Oedipus Chorus : _ cannot sa) yOur remedy WAS good ; )0% wowld b९ better dead than blind ana living"" — Explain Oedipus's perception of his own existence in the provided passage and comment on the Chorus's perspective regarding his suffering.","Oedipus views himself as a wretched and impure being, describing himself as 'godless' because of the horrific nature of his patricide and incest. He believes his life represents the ultimate form of human misery. The Chorus complements this by suggesting that Oedipus's current state of living in blindness and agony is actually a fate worse than death itself.",,"[Marks]
Ability to explain Oedipus's sense of impurity and godlessness resulting from his actions - 3 marks
Ability to interpret the Chorus's view on the tragedy of living in blindness - 2 marks

[Key Points]
1. Oedipus identifies as a 'child of impurity' due to killing his father and marrying his mother.
2. Oedipus believes his lot is the worst possible ill.
3. The Chorus views his continued existence as a blind man as worse than death.",43.8,success
BEGC 102_ European Classical Literature,BLOCK SOPHOCLES OEDIPUS REX,Level 2,on,Short Answer,ollama-gemma4-31b,en,1,"Based on the passage: ""Oedipus : Question and prove me murderer if thow canst. Creon : Then let me ask thee, didst thow weQ my sister? Oedipus : A fact S० plain _ cannot well deny Creon : And AS thy consort queen she shares the throne? Oedipus : + grant her freely all her heart desires. Creon: And with )0% twain + share the triple rule? Oedipus : Yea, and it is that proves thee A false friend."" — Explain the significance of the 'triple rule' mentioned in the dialogue and how it contributes to the tension between Oedipus and Creon.","The 'triple rule' refers to the shared political power between Oedipus, his queen consort, and Creon. Creon points out that Oedipus has granted his sister significant authority over the throne. Oedipus interprets this line of questioning not as a simple inquiry, but as a sign of Creon's hidden ambition. Thus, the shared governance becomes a point of contention, leading Oedipus to label Creon a false friend.",,"[Marks]
Accurate identification and explanation of the 'triple rule' as shared power - 2 marks
Analysis of Oedipus's reaction and the resulting accusation of betrayal - 2 marks
Clarity of expression and adherence to the required length - 1 marks

[Key Points]
1. Understanding that the 'triple rule' involves the shared authority of Oedipus, the Queen, and Creon.
2. Recognition that the dialogue shifts from a murder inquiry to a dispute over political power.
3. Explanation of why Oedipus views Creon's questioning as evidence of a 'false friend'.",48.9,success
