course,block,bloom_level,citation_mode,question_type,model_id,language,question_number,question,answer,rubric_answer,rubric,time_taken_s,status
BEGC 102_ European Classical Literature,BLOCK HOMER THE ILIAD,Level 2,off,Short Answer,ollama-gemma4-31b,en,1,Discuss how Hector exemplifies the Homeric ideal of personal honour despite his personal reservations about the war.,"In Homeric culture, personal honour is paramount and is preserved through fighting, regardless of the eventual victory or defeat. Hector embodies this ideal through his loyalty to his king and his people. Although he personally disapproves of Paris' elopement with Helen—the act that triggered the war—he still enters the battlefield. His nobility is shown in his willingness to fight even though he recognizes the possibility of defeat and the subsequent suffering that would befall his wife, Andromache, and his son, Astynax. For Hector, the duty to fight and maintain honour outweighs his personal disagreements and the risks to his family.",,"[Marks]
Explanation of the Homeric concept of honour (fighting regardless of outcome) - 2 marks
Analysis of Hector's loyalty versus his disapproval of Paris - 2 marks
Mention of the personal cost/risk to his family (Andromache/Astynax) - 1 marks

[Key Points]
1. Honour is tied to the act of fighting, not just winning.
2. Hector's loyalty to Troy despite disagreeing with Paris.
3. The conflict between personal family safety and public heroic duty.",479.3,success
BEGC 102_ European Classical Literature,BLOCK HOMER THE ILIAD,Level 2,off,Short Answer,ollama-gemma4-31b,en,2,Examine the shift in perspective regarding war when moving from the narrative of the Iliad to the sequels such as The Trojan Women and Hecuba.,"While the Iliad presents a tension between 'honour' and 'horror'—showing both the heroic nobility of warriors and the tragic results of conflict—the sequels by Euripides and Aeschylus focus predominantly on the 'horror' and the aftermath of war. The perspective shifts from the battlefield's glory to the suffering of the vanquished. This is evidenced by the portrayal of the Trojan women being shipped to Greece as slaves and the brutal execution of the child Astynax. Whereas the Iliad balances the euphoric and tragic, the sequels emphasize the unmitigated pain and the wretchedness of slavery and loss, highlighting the inhumanity that follows military victory.",,"[Marks]
Identification of the balance between honour and horror in the Iliad - 2 marks
Explanation of the focus on 'horror' and aftermath in the sequels - 2 marks
Use of specific examples (e.g., enslavement of women or death of Astynax) - 1 marks

[Key Points]
1. Contrast between heroic nobility and the wretchedness of defeat.
2. The shift from combatants' honour to the suffering of non-combatants/slaves.
3. The focus on the consequences of war rather than the act of fighting.",479.3,success
BEGC 102_ European Classical Literature,BLOCK HOMER THE ILIAD,Level 1,off,Short Answer,ollama-gemma4-31b,en,1,Identify the playwrights and the specific plays mentioned that depict the aftermath of the Greek victory and the subsequent suffering of the women of Troy.,"The plays that present the aftermath of the Greek victory are 'Agamemnon' written by Aeschylus, and 'The Trojan Women' and 'Hecuba' written by Euripides.",,"[Marks]
Correctly identifying Aeschylus and his play 'Agamemnon' - 2.5 marks
Correctly identifying Euripides and his plays 'The Trojan Women' and 'Hecuba' - 2.5 marks

[Key Points]
1. Aeschylus - Agamemnon
2. Euripides - The Trojan Women
3. Euripides - Hecuba",259.2,success
BEGC 102_ European Classical Literature,BLOCK HOMER THE ILIAD,Level 1,off,Short Answer,ollama-gemma4-31b,en,2,Which biblical account and Indian mythological story are cited as parallels to the brutal killing of Astynax?,"The biblical parallel is 'The Massacre of the Innocents', where Herod the Great executed young male Jewish children. The Indian mythological parallel is the story of Kansa, the tyrant ruler of Mathura, who killed his sister's sons.",,"[Marks]
Correctly identifying the biblical account of the Massacre of the Innocents and Herod the Great - 2.5 marks
Correctly identifying the Indian mythological story of Kansa - 2.5 marks

[Key Points]
1. Biblical: Massacre of the Innocents / Herod the Great
2. Indian Mythology: Kansa / Ruler of Mathura",259.2,success
BEGC 102_ European Classical Literature,BLOCK HOMER THE ILIAD,Level 2,on,Short Answer,ollama-gemma4-31b,en,1,"Based on the passage: ""Thus, we have the dual relation of an epic to history on the one hand and to everyday reality on the other"" — Explain the 'dual relation' that an epic poem maintains according to the provided text.","An epic poem is characterized by a dual relation because it functions simultaneously as a historical record and as a work of art. On one hand, it incorporates history by depicting the heroic deeds of its protagonists, a view supported by Ezra Pound. On the other hand, as noted by Mary McCarthy, it is a work of art that surpasses the dimensions of realism, meaning it goes beyond the simple depiction of everyday reality to reveal deeper truths.",,"[Marks]
Explanation of the relationship to history and heroic deeds - 2 marks
Explanation of the relationship to art and the transcendence of realism - 2 marks
Clarity and coherence of the synthesis - 1 marks

[Key Points]
1. Mention of history/heroic deeds
2. Mention of art surpassing realism
3. Reference to the balance between these two aspects",246.9,success
BEGC 102_ European Classical Literature,BLOCK HOMER THE ILIAD,Level 2,on,Short Answer,ollama-gemma4-31b,en,2,"Based on the passage: ""The grandeur of the content is matched by the grandeur of form in which it is expressed."" — Discuss the relationship between the content and the form of an epic poem as described in the source material.","In an epic poem, there is a deliberate correspondence between what is being said and how it is being said. The content of an epic is characterized by grandeur, focusing on exalted themes, the sublimity of life, and the destiny of the human spirit. To match this high level of content, the epic utilizes an elevated form of expression. Essentially, the magnificence of the subject matter is mirrored by the magnificence of the poetic style used to convey it.",,"[Marks]
Identification of 'exalted themes' and 'grandeur of content' - 2 marks
Identification of 'elevated forms of expression' and 'grandeur of form' - 2 marks
Ability to explain the 'matching' or symmetry between the two - 1 marks

[Key Points]
1. Grandeur of content (themes)
2. Grandeur of form (expression)
3. The proportional relationship between the two",246.9,success
BEGC 102_ European Classical Literature,BLOCK HOMER THE ILIAD,Level 1,on,Short Answer,ollama-gemma4-31b,en,1,"Based on the passage: ""the true hero, the true subject at the centre of The Iliad is Jorce which she defines as ""that Xthat turns anybody who is subjected to it into a thing"" — How does Simon Weil define the concept of 'force' in her analysis of the Iliad?",Simon Weil defines force as that which turns anyone who is subjected to it into a thing.,,"[Marks]
Accurate recall of the definition of force as turning a person into a thing - 3 marks
Correct attribution of the definition to Simon Weil - 2 marks

[Key Points]
1. Definition of force
2. Transformation of a person into a 'thing'
3. Reference to Simon Weil",233.3,success
BEGC 102_ European Classical Literature,BLOCK HOMER THE ILIAD,Level 1,on,Short Answer,ollama-gemma4-31b,en,2,"Based on the passage: ""the use of force as it shapes our understanding of virtues such AS honor and responsibility and vices such AS excessive pride, vengeance and cruelty"" — According to Joel Rosenthal, which specific virtues and vices are shaped by the use of force in the Iliad?","According to Joel Rosenthal, the use of force shapes the understanding of virtues such as honor and responsibility, and vices such as excessive pride, vengeance, and cruelty.",,"[Marks]
Correct identification of the virtues (honor and responsibility) - 2.5 marks
Correct identification of the vices (excessive pride, vengeance, and cruelty) - 2.5 marks

[Key Points]
1. Virtues: honor and responsibility
2. Vices: excessive pride, vengeance, cruelty
3. Connection to the use of force",233.3,success
BEGC 102_ European Classical Literature,BLOCK HORACE AND OVID,Level 2,off,Short Answer,ollama-gemma4-31b,en,1,Explain why Ovid's Metamorphoses is considered an epic and describe how it incorporates elements from other literary genres.,"The Metamorphoses is classified as an epic because it meets several traditional criteria: it is of significant length (nearly 12,000 lines), contains a vast number of narratives (nearly 250 joined across fifteen books), is written in the dactylic hexameter, and focuses on the high literary subject of myth. However, Ovid expands beyond the strict boundaries of the epic genre by integrating themes and tones from other genres, including elegy, tragedy, and pastoral poetry.",,"[Marks]
Identification of epic criteria (length, narratives, meter, and subject) - 3 marks
Explanation of the blending of other genres (elegy, tragedy, pastoral) - 2 marks

[Key Points]
1. Mention of 12,000 lines and 250 narratives in 15 books
2. Reference to dactylic hexameter and the subject of myth
3. Recognition that it extends into elegy, tragedy, and pastoral tones",290.3,success
BEGC 102_ European Classical Literature,BLOCK HORACE AND OVID,Level 2,off,Short Answer,ollama-gemma4-31b,en,2,Discuss the role of the dactylic hexameter in classical literature and its application in Ovid's work.,"The dactylic hexameter is a metrical line consisting of six feet and served as the standard epic metre in both classical Greek and Latin literature. Its prestige is evident in its use in foundational works such as the Iliad and Odyssey in Greek, and the Aeneid in Latin. Ovid employs this same dactylic hexameter in the Metamorphoses, thereby aligning his work with the established tradition of the classical epic.",,"[Marks]
Definition of hexameter as a line of six feet - 2 marks
Connection to established Greek and Latin epics (Iliad, Odyssey, Aeneid) - 2 marks
Application of this meter to Ovid's Metamorphoses - 1 marks

[Key Points]
1. Correct definition of hexameter (six feet)
2. Mention of its status as the standard epic metre
3. Listing of specific examples: Iliad, Odyssey, and Aeneid
4. Linking the meter to the composition of Metamorphoses",290.3,success
BEGC 102_ European Classical Literature,BLOCK HORACE AND OVID,Level 1,off,Short Answer,ollama-gemma4-31b,en,1,Define 'Hexameter' in the context of classical Greek and Latin literature.,"Hexameter is a metrical line of verses consisting of six feet. It was the standard epic metre used in classical Greek and Latin literature, specifically in works such as the Iliad, Odyssey, and Aeneid.",,"[Marks]
Accurate definition of hexameter as a line consisting of six feet - 3 marks
Identification of its role as the standard epic metre or mentioning examples like the Iliad, Odyssey, or Aeneid - 2 marks

[Key Points]
1. Six feet per line
2. Standard epic metre
3. Used in Iliad, Odyssey, and Aeneid",358.0,success
BEGC 102_ European Classical Literature,BLOCK HORACE AND OVID,Level 1,off,Short Answer,ollama-gemma4-31b,en,2,State the structural characteristics of Ovid's Metamorphoses.,"Ovid's Metamorphoses is a work of nearly 12,000 lines featuring nearly 250 narratives joined together across fifteen books. It is composed in the dactylic hexameter and focuses on the high literary subject of myth.",,"[Marks]
Mention of the approximate length (nearly 12,000 lines) - 2 marks
Mention of the number of narratives (nearly 250) and the number of books (fifteen) - 2 marks
Identification of the meter used (dactylic hexameter) - 1 marks

[Key Points]
1. 12,000 lines
2. 250 narratives
3. 15 books
4. Dactylic hexameter",358.0,success
BEGC 102_ European Classical Literature,BLOCK HORACE AND OVID,Level 2,on,Short Answer,ollama-gemma4-31b,en,1,"Based on the passage: ""1321: Dante, Divina Commedia 1340 Bersuire, Ovidius Moralizatus 1380 Chaucer, House of Fame 1390 Gower, Confessio Amantis 1532 Ariosto, Orlando Furioso 1567 Golding translation of The Metamorphoses 1590 Spenser, The Faerie Queene, Books 1–6 1593 Shakespeare, Venus and Adonis; Hero and Leander, Tempest, 1601 Ben Jonson, Poetaster 1632 Sandy translation of The Metamorphoses 1674 Milton, Paradise Lost"" — Examine the extent of Ovid's influence on later European literature based on the chronological list provided in the text.","Ovid's influence was vast and spanned several centuries, impacting a wide array of poets and writers from the Middle Ages through the modern era. This is evidenced by his influence on figures such as Dante in the 14th century, Shakespeare and Spenser in the 16th century, and Milton in the 17th century, showing that his work served as a foundational resource for the Western literary canon.",,"[Marks]
Ability to identify the breadth of Ovid's influence across different time periods - 2 marks
Correct referencing of specific authors/works from the text to support the argument - 2 marks
Clarity of explanation and synthesis of the list into a coherent observation - 1 marks

[Key Points]
1. Mention of the chronological span (12th to 20th century)
2. Reference to key figures like Dante, Shakespeare, or Milton
3. Understanding that Ovid influenced multiple genres and languages",31.1,success
BEGC 102_ European Classical Literature,BLOCK HORACE AND OVID,Level 2,on,Short Answer,ollama-gemma4-31b,en,2,"Based on the passage: ""This book contains six stories mainly - Cadmus, Actaeon, Sémele, Teiresias, Narcissus and Echo, Pentheus and Bacchus, Acoetes and the Lydian Sailors and Pentheus and Bacchus. We will be focusing on the story of Pentheus and Bacchus and Pentheus and Bacchus."" — Explain the primary focus of the study regarding Book III of the Metamorphoses and identify the specific narrative it emphasizes.","While Book III of the Metamorphoses contains a variety of stories including those of Cadmus, Actaeon, Seleme, Teiresias, Narcissus and Echo, and Acoetes and the Lydian Sailors, the course specifically focuses on the narrative of Pentheus and Bacchus for closer analysis.",,"[Marks]
Identification of the general contents of Book III - 2 marks
Correct identification of the specific story designated for closer analysis - 2 marks
Accuracy in listing the other stories mentioned in the text - 1 marks

[Key Points]
1. Recognition that Book III contains multiple myths
2. Explicit mention of Pentheus and Bacchus as the central focus
3. Distinction between the general list and the specific area of study",31.1,success
BEGC 102_ European Classical Literature,BLOCK HORACE AND OVID,Level 1,on,Short Answer,ollama-gemma4-31b,en,1,"Based on the passage: ""the blind Teiresias prophecises that Pentheus will at some point in the future disrespect Bacchus as a god and that he will be ripped apart by his own kin – his mother, and maternal aunts to be specific"" — Who was the prophet that predicted Pentheus's fate, and what specific prediction did he make regarding Pentheus's death?","The blind prophet Teiresias predicted that Pentheus would eventually disrespect Bacchus as a god and would be ripped apart by his own kin, specifically his mother and maternal aunts.",,"[Marks]
Correct identification of the prophet (Teiresias) - 2 marks
Correct identification of the cause of death (ripped apart by kin) - 2 marks
Mention of the specific kin involved (mother/aunts) - 1 marks

[Key Points]
1. Identification of Teiresias
2. Mention of the act of being ripped apart
3. Identification of the family members responsible",20.4,success
BEGC 102_ European Classical Literature,BLOCK HORACE AND OVID,Level 1,on,Short Answer,ollama-gemma4-31b,en,2,"Based on the passage: ""His aunt, Autonoe, rips off his arms, and his mother tears off his head and lets out a shout of victory."" — According to the text, which two family members were directly responsible for the physical dismemberment of Pentheus on Mount Cithaeron?","Pentheus was dismembered by his mother, Agave, who tore off his head, and his aunt, Autonoe, who ripped off his arms.",,"[Marks]
Correct identification of Autonoe and her action (ripping off arms) - 2.5 marks
Correct identification of Agave and her action (tearing off head) - 2.5 marks

[Key Points]
1. Autonoe is responsible for the arms
2. Agave is responsible for the head",20.4,success
BEGC 102_ European Classical Literature,BLOCK PLAUTUS POT OF GOD,Level 2,off,Short Answer,ollama-gemma4-31b,en,1,Differentiate between the 'cum manu' and 'sine manu' systems of marriage in Roman society as presented in the context of the play.,"The 'cum manu' system was a traditional form of marriage where the woman passed from the legal power of her father into the jurisdiction (manus) of her husband. In this arrangement, she came under her husband's legal guardianship and any dowry she brought to the marriage passed to him; she only became independent after his death. In contrast, the 'sine manu' system allowed the woman to remain under the guardianship of her father. While she still shared her dowry with her husband, she remained legally independent (sui juris) after her father's death, provided a guardian was appointed, allowing her to own property in her own right.",,"[Marks]
Correct explanation of the 'cum manu' system and legal guardianship - 2 marks
Correct explanation of the 'sine manu' system and property rights - 2 marks
Clarity of the distinction between the two systems - 1 marks

[Key Points]
1. Cum manu: woman moves from father's power to husband's manus
2. Cum manu: husband controls the dowry/property
3. Sine manu: woman remains under father's power
4. Sine manu: woman can become sui juris (legally independent) and own property",30.6,success
BEGC 102_ European Classical Literature,BLOCK PLAUTUS POT OF GOD,Level 2,off,Short Answer,ollama-gemma4-31b,en,2,Explain the significance of the lex Oppia and how its repeal reflects the anxieties of men like Megadorus.,"The lex Oppia was a sumptuary law passed in 215 and repealed in 195 that forbade Roman women from the conspicuous display of wealth, such as wearing multicoloured garments (specifically purple), extravagant gold jewellery, and using expensive transport. The repeal of this law meant that women could once again publicly assert their financial affluence. This created significant anxiety for husbands, as seen in the character of Megadorus, because it represented a loss of control over the extravagant spending habits of 'dowried' women and signaled a shift toward women having more financial fortification and independence within the marriage.",,"[Marks]
Accurate description of what the lex Oppia restricted - 2 marks
Explanation of the impact of the law's repeal - 2 marks
Connection to Megadorus's character and masculine anxiety - 1 marks

[Key Points]
1. Lex Oppia restricted luxury items like purple garments and gold jewellery
2. Repeal allowed women to display wealth publicly
3. This led to the 'chagrin' of husbands who could no longer control spending
4. Reflects the discomfort of men in power regarding women's financial independence",30.6,success
BEGC 102_ European Classical Literature,BLOCK PLAUTUS POT OF GOD,Level 1,off,Short Answer,ollama-gemma4-31b,en,1,Define the two types of marriage contracts in Rome—cum manu and sine manu—as mentioned in the context of Plautus's work.,"In Roman society, marriage contracts were divided into two types: 'cum manu' and 'sine manu'. In a 'cum manu' marriage, the woman passed from the legal power of her father or guardian into the jurisdiction (manus) of her husband, and any property/dowry she brought passed to him; she became independent only after his death. In a 'sine manu' marriage, the woman remained under the guardianship of her father, meaning that after his death she could be legally independent (sui juris) and own property in her own right.",,"[Marks]
Accurate definition of cum manu marriage and the transfer of legal power/property - 2.5 marks
Accurate definition of sine manu marriage and the retention of father's guardianship/property rights - 2.5 marks

[Key Points]
1. Cum manu: Transfer of power to husband
2. Cum manu: Dowry passes to husband
3. Sine manu: Remains under father's power
4. Sine manu: Ability to be sui juris/own property",22.1,success
BEGC 102_ European Classical Literature,BLOCK PLAUTUS POT OF GOD,Level 1,off,Short Answer,ollama-gemma4-31b,en,2,"What was the lex Oppia, and what specific restrictions did it impose on Roman women?","The lex Oppia was a sumptuary law passed in 215 AD (and repealed in 195 AD) that sought to control the display of wealth by women. It specifically forbade Roman women from conspicuous displays of affluence, such as wearing multicoloured garments (particularly purple), owning extravagant gold jewellery, and using certain forms of transport.",,"[Marks]
Correct identification of lex Oppia as a sumptuary law to control wealth display - 2 marks
Listing the specific restricted items (multicoloured/purple garments, gold jewellery, transport) - 3 marks

[Key Points]
1. Sumptuary law
2. Control of wealth display
3. Multicoloured/purple garments
4. Extravagant gold jewellery
5. Transport",22.1,success
BEGC 102_ European Classical Literature,BLOCK PLAUTUS POT OF GOD,Level 2,on,Short Answer,ollama-gemma4-31b,en,1,"Based on the passage: ""Plautus uses Euclio s rapport with the audience to reinforce his association between the miser OPLES gold and his alienation. He establishes through staging that Euclio iS completely alienated from all other characters onstage, but he arranges his monologues and asides so that Euclio has one human RSITY connection, the audience."" — Explain the significance of Euclio's relationship with the audience in the context of his social alienation.","Euclio is depicted as a character who is completely alienated from all other characters on stage. His only real human connection is with the audience, established through monologues and asides. This rapport is primarily centered on his obsession with his gold; however, as the gold is threatened and eventually disappears, his connection with the spectators also fades, reinforcing the idea that his miserliness is the root cause of his isolation.",,"[Marks]
Identification of Euclio's isolation from other characters - 2 marks
Explanation of the role of the audience as his sole connection - 2 marks
Linking this connection to his obsession with gold - 1 marks

[Key Points]
1. Euclio is alienated from all other characters
2. The audience serves as the only human connection
3. The rapport is built through monologues and asides
4. The connection is tied to the possession of the gold",27.5,success
BEGC 102_ European Classical Literature,BLOCK PLAUTUS POT OF GOD,Level 2,on,Short Answer,ollama-gemma4-31b,en,2,"Based on the passage: ""With the failure of this attempt to find at least one ally in the audience, Euclios mood changes from hysteria to despondency and he begins to recognize that his obsession with the gold caused him to deprive himself to n° avail ."" — Discuss how Euclio's mood and perception of himself shift following the loss of his gold.","After losing his gold, Euclio's emotional state transitions from hysteria to despondency. He begins to realize that his obsession with wealth was counterproductive and that he had deprived himself of human connection to no avail. This recognition of failure is mirrored in his alienation from the audience, as he begins to view the spectators as people who gain pleasure from his misfortune rather than as allies.",,"[Marks]
Description of the shift from hysteria to despondency - 2 marks
Analysis of Euclio's realization regarding his obsession - 2 marks
Mention of his changing view of the audience - 1 marks

[Key Points]
1. Transition from hysteria to despondency
2. Recognition that the obsession with gold was a self-deprivation
3. Awareness of his own failure
4. Shift in rapport with the audience",27.5,success
BEGC 102_ European Classical Literature,BLOCK PLAUTUS POT OF GOD,Level 1,on,Short Answer,ollama-gemma4-31b,en,1,"Based on the passage: ""Exaggeration, pun, alliteration are all coupled with the bawdy."" — Which literary devices does Plautus couple with 'the bawdy' during the interaction between Euclio and Strobilus?","In the play, Plautus combines the use of the bawdy with exaggeration, pun, and alliteration to enhance the comic effects of the scene.",,"[Marks]
Identification of exaggeration - 1.5 marks
Identification of pun - 1.5 marks
Identification of alliteration - 2 marks

[Key Points]
1. Mention of exaggeration
2. Mention of pun
3. Mention of alliteration
4. Connection to 'the bawdy' or comic effects",17.5,success
BEGC 102_ European Classical Literature,BLOCK PLAUTUS POT OF GOD,Level 1,on,Short Answer,ollama-gemma4-31b,en,2,"Based on the passage: ""After searching him, Euclio lets go of Strobilus and shifts the gold from Trust to Silvanus."" — According to the text, where does Euclio shift the gold from, and to which deity does he move it?",Euclio shifts the gold from the goddess of Trust to Silvanus.,,"[Marks]
Correct identification of the starting point (Trust) - 2.5 marks
Correct identification of the destination (Silvanus) - 2.5 marks

[Key Points]
1. Gold moved from Trust
2. Gold moved to Silvanus",17.5,success
BEGC 102_ European Classical Literature,BLOCK SOPHOCLES OEDIPUS REX,Level 2,off,Short Answer,ollama-gemma4-31b,en,1,Explain the significance of the interaction between Oedipus and Tiresias in terms of the contrast between physical sight and spiritual insight.,"The interaction between Oedipus and Tiresias serves as a powerful illustration of dramatic irony. Tiresias is physically blind, yet he possesses the 'sight' of truth, as he is able to identify Oedipus as the murderer of King Laius and the polluter of the land. Conversely, Oedipus possesses physical sight but is spiritually and intellectually blind to his own identity and history. This contrast highlights Oedipus's ignorance and his narcissistic arrogance, as he taunts the prophet's blindness while remaining oblivious to the fact that he is the very man he is hunting.",,"[Marks]
Identification of the paradox between physical blindness and spiritual sight - 2 marks
Explanation of Tiresias's role as the possessor of truth - 1.5 marks
Discussion of Oedipus's 'blindness' to his own reality and arrogance - 1.5 marks

[Key Points]
1. Tiresias is blind but sees the truth
2. Oedipus has sight but is blind to his true identity
3. The concept of dramatic irony
4. Oedipus's reaction of taunting/arrogance",32.1,success
BEGC 102_ European Classical Literature,BLOCK SOPHOCLES OEDIPUS REX,Level 2,off,Short Answer,ollama-gemma4-31b,en,2,Discuss how the 'Unity of Time' is maintained in Oedipus Rex and explain why this was important for the Greek audience.,"The Unity of Time is maintained by keeping the main action of the play within a single, continuous time frame in the present. While the play reveals a vast history—including Oedipus's birth, his time in Corinth, and the murder of Laius—these past events are not enacted on stage. Instead, they are delivered through narration, flashbacks, and the voices of the Chorus and other characters. This was crucial for the Greek audience because the open-air amphitheatres and the use of masks made depicting multiple time periods confusing. By adhering to this unity, the playwright creates a sense of urgency and keeps the audience focused on the immediate unfolding of the tragedy.",,"[Marks]
Correct explanation of how the unity is applied (present action vs. narration) - 2 marks
Explanation of the logistical reasons related to Greek theatre (masks/amphitheatres) - 2 marks
Mention of the psychological effect (sense of urgency) - 1 marks

[Key Points]
1. Main action happens in the present
2. Past events are revealed via dialogue/Chorus rather than scenes
3. Logistical constraints of ancient Greek stages
4. Creation of urgency for the audience",32.1,success
BEGC 102_ European Classical Literature,BLOCK SOPHOCLES OEDIPUS REX,Level 1,off,Short Answer,ollama-gemma4-31b,en,1,"Who is the blind prophet summoned by Oedipus, and what specific accusation does he level against the King?",The blind prophet is Tiresias. He accuses Oedipus of being the murderer of the former King Laius and states that Oedipus is the 'accursed polluter' of the land who lives in infamy with his nearest kin.,,"[Marks]
Correct identification of the prophet - 2 marks
Accurate statement of the accusation regarding the murder of Laius - 3 marks

[Key Points]
1. Identification of Tiresias
2. Mention of the murder of King Laius
3. Reference to Oedipus being the polluter of the land",20.2,success
BEGC 102_ European Classical Literature,BLOCK SOPHOCLES OEDIPUS REX,Level 1,off,Short Answer,ollama-gemma4-31b,en,2,"Define the 'Three Unities' as mentioned in the context of Aristotle's influence on drama, and specifically identify the 'Unity of Time' as it applies to Oedipus Rex.","The Three Unities refer to the Unity of Time, Unity of Place, and Unity of Action. In Oedipus Rex, the Unity of Time is illustrated by the fact that the main events on stage occur in the present moment (the state of Thebes during the plague), while past events are revealed through narration and flashbacks rather than through chronological jumps in the stage action.",,"[Marks]
Listing the Three Unities - 2 marks
Correct description of Unity of Time in the play - 3 marks

[Key Points]
1. Mention of Time, Place, and Action
2. Explanation that the stage action remains in the present
3. Mention of the use of flashbacks/narration for past events",20.2,success
BEGC 102_ European Classical Literature,BLOCK SOPHOCLES OEDIPUS REX,Level 2,on,Short Answer,ollama-gemma4-31b,en,1,"Based on the passage: ""And of the children, inmates of his home, He shall be proved the brother and the sire, Of her who bare him S0n and husband both, Co-partner and assassin of his sire."" — Explain the paradoxical nature of the prophecy delivered by Tiresias regarding Oedipus's relationship with his family.","Tiresias reveals a shocking paradox where Oedipus's identity is blurred across multiple roles. He explains that Oedipus is simultaneously the son and the husband of the same woman, and the son and the killer of his own father. This highlights the tragic irony of Oedipus's fate, where he fulfills a prophecy by becoming both the 'brother and the sire' to his children and the 'assassin' of his own father.",,"[Marks]
Identification of the dual roles (husband/son and son/killer) - 2 marks
Explanation of the paradoxical/tragic nature of these relationships - 2 marks
Clarity and coherence of the explanation - 1 marks

[Key Points]
1. Oedipus is the husband and son of the same woman
2. Oedipus is the son and killer of his father
3. The intersection of family roles creates the tragedy",24.8,success
BEGC 102_ European Classical Literature,BLOCK SOPHOCLES OEDIPUS REX,Level 2,on,Short Answer,ollama-gemma4-31b,en,2,"Based on the passage: ""Go in and ponder this, and if thou find That _ have missed the mark, henceforth declare have n० wit nor skill in prophecy"" — Examine the confidence of Tiresias in his prophetic abilities based on the provided text. What is he willing to risk?","Tiresias exhibits absolute certainty in his prophecy. He challenges Oedipus to reflect on his words and asserts that if his predictions are incorrect, he is willing to forfeit his professional identity. He declares that should he 'miss the mark,' he should be considered as having no 'wit nor skill in prophecy,' effectively staking his entire reputation and divine gift on the truth of his words.",,"[Marks]
Analysis of Tiresias's level of confidence - 2 marks
Identification of the specific risk/penalty (loss of prophetic reputation) - 2 marks
Use of textual evidence to support the claim - 1 marks

[Key Points]
1. Absolute certainty in the prophecy
2. Willingness to be declared unskilled/witless if wrong
3. The high stakes of the prophecy's accuracy",24.8,success
BEGC 102_ European Classical Literature,BLOCK SOPHOCLES OEDIPUS REX,Level 1,on,Short Answer,ollama-gemma4-31b,en,1,"Based on the passage: ""So privily without their leave _ went To Delphi, and Apollo sent me back Baulked of the knowledge that came tο seer."" — Where did Oedipus go to seek knowledge about his parentage after questioning his mother and sire?",Oedipus went privately to Delphi to seek answers from Apollo.,,"[Marks]
Correctly identifying the location (Delphi) - 3 marks
Mentioning the deity or authority involved (Apollo) - 2 marks

[Key Points]
1. Oedipus traveled to Delphi
2. The journey was done privately/without leave
3. Apollo was the source he consulted",16.6,success
BEGC 102_ European Classical Literature,BLOCK SOPHOCLES OEDIPUS REX,Level 1,on,Short Answer,ollama-gemma4-31b,en,2,"Based on the passage: ""Apollo sent me back Baulked of the knowledge that came tο seer. But other grievous things ne prophesied,"" — What was the outcome of Oedipus's visit to Delphi regarding the specific knowledge he sought?","Oedipus was denied the specific knowledge he came to seek, although Apollo prophesied other grievous things to him.",,"[Marks]
Stating that he was denied/baulked of the knowledge he sought - 3 marks
Mentioning that other grievous things were prophesied - 2 marks

[Key Points]
1. He did not receive the answer about his parentage
2. He received other distressing prophecies instead",16.6,success
